"","newstitle","newspapername"
"1","길에서 2천만원 주워간 할머니 40분 만에 찾아내 돈 회수","연합뉴스"
"2","김윤상 SBS 아나운서, 음주운전 입건..모든 프로그램서 하차(종합)","연합뉴스"
"3","윤석열, 오늘 오후 2시 입장 발표..사퇴 표명할 듯(종합)","연합뉴스"
"4","나경원, 당내 서울시장 경선 '충격패'..왜 국민의 선택 못 받을까","머니투데이"
"5","'소주 두 병에 번개탄을?' 소중한 생명 살린 마트 주인 '눈썰미'","연합뉴스"
"6","[양담소]""뇌사상태인 딸아이를 두고 사위가 외도를 일삼고 있어요""","YTN"
"7","""동학개미 다 죽는다""..한투연, 국민연금 순매도 행진 규탄(종합)","연합뉴스"
"8","'41.6% 대 36.3%' 오세훈, 나경원 꺾고 국힘 서울시장 후보(종합)","뉴시스"
"9","'성전환 강제전역' 변희수 사망..정의당 ""정부·여당 뒷짐져""","뉴스1"
"10","'국회 입성' 김의겸 ""이제 실감 나""..배현진 ""설렘 가득 소감에 실소 터져 나온다""","아시아경제"
"11","文대통령 1등공신 윤석열, 文의 최대 정치적 라이벌 되다","동아일보"
"12","[속보] 전북서 백신 접종 50대 2명 사망..""백신과의 연관성 크지 않아""","뉴스1"
"13","""죽을 뻔 했는데..우리가 깻잎보다 못합니까?""","노컷뉴스"
"14","강남 빌딩 경매서 1천390억원에 낙찰..업무시설 역대 최고가","연합뉴스"
"15","""초여름에 왜 논에다 저런 나무들을 심나 했더니..""","연합뉴스"
"16","문대통령이 엄중 대응 지시한 LH 투기, 감사원은 왜 빠졌을까","뉴스1"
"17","국민의힘 시흥 투기 사건 현장 방문, LH는 대국민 사과","서울경제"
"18","'교사 우선접종' 발표 다음날 학교로 달려간 '선생님' 질 바이든","연합뉴스"
"19","[핵잼 사이언스] 보잉이 개발한 무인 전투 드론 '로열 윙맨' 첫 비행 성공","서울신문"
"20","""코로나에 취약한 혈액형은 A형""..잘 안걸리는 혈액형은?","한국경제"
"21","윤석열 사의설에 靑 '냉담'..할테면 하라는 분위기","헤럴드경제"
"22","나경원 충격패..'강경보수', '친일' 비호감 이미지에 발목 잡혔나","머니투데이"
"23","뛰다 갑자기 무릎 꿇은 정인이 양부..""살려달라"" 오열","국민일보"
"24","[단독] '대면 졸업·OT 강행' 서울대 치의학대학원서 코로나 확진자 발생","헤럴드경제"
"25","박영선의 '입'은 오세훈 이긴 고민정..현역의원만 41명 '메머드급 캠프'","헤럴드경제"
"26","김윤상 SBS 아나운서, 음주운전 입건..주차장 벽 들이받아","연합뉴스"
"27","남성, 앉아서 소변 보기.. 좋을까, 나쁠까?","헬스조선"
"28","""땅 1평도 없는 직원 많아""..LH 내부선 억울함과 허탈감 교차","이데일리"
"29","코로나 식량위기 확대..한국, 케냐 등 6곳에 쌀 5만톤 보낸다","한국경제"
"30","남미 오징어 씨 마를라..싹쓸이 조업 중인 수많은 中어선 포착","서울신문"
"31","'윤석열 사퇴' 임박?..檢고위간부 ""금명간 사퇴할 듯""","연합뉴스"
"32","아무리 풍광이 좋지만..영국 가족 85m 벼랑 끝 위험천만 캠핑","연합뉴스"
"33","'정치 행보' 윤석열에 격노한 잠룡 정세균..""공직기강 문제 좌시 못해""","뉴스1"
"34","'사퇴=대권' 윤석열의 앞날..양당 모두 악연 '제3세력' 모이나","뉴스1"
"35","김진애, 오세훈 승리에 ""이변의 시작, 선거는 이변 만들라 있는 것""","머니투데이"
"36","말기 암환자의 마지막 선택.. 품위 있는 죽음은?","코메디닷컴"
"37","상급종합병원 AZ백신 접종, 서울대병원장 1호 [TF사진관]","더팩트"
"38","뉴질랜드 근해서 대형 발광 상어 발견","연합뉴스"
"39","14세 가출소녀 성매매 시킨 간큰 17세 실형","뉴시스"
"40","중수본 ""새 거리두기 2~3주 뒤 완성 후 발표""..내일 공청회 개최","뉴스1"
"41","""그녀 괴롭힘에 몸 떨었다""..英왕실 마클 왕자비 '갑질 의혹'","중앙일보"
"42","'확진' 최대호 안양시장, 2주간 병가.. 직원 1060명 전수검사","뉴스1"
"43","[최강시사] 김기식 ""윤석열 총장, 중수청 명분으로 직 던지겠다는 의사 분명히 보여, 공직자로서 매우 부적절""","KBS"
"44","[단독]김종민 변호사 ""尹사퇴는 무책임..현안수사 마친 뒤 떠나라""","파이낸셜뉴스"
"45","정부, 1인당 국민소득 이탈리아 추월 예상했지만..실제론 '박빙'","연합뉴스"
"46","선거 최대 변수된 윤석열 거취.. 검찰 내부 ""곧 사퇴 가능성""","조선일보"
"47","[영상]나경원 꺾은 오세훈..""반드시 단일화 해 정권심판""","노컷뉴스"
"48","""폭탄세일로 버텼는데 재난지원금 '왕따'""","매일경제"
"49","오세훈, 나경원 꺾고 국민의힘 서울시장 후보..""반드시 단일화""(종합)","뉴스1"
"50","시금치 대신 올리브..대파 가격 이상급등..그 이면엔 해를 더하는 '이상기후' ['조용한 암살자' 기후변화의 습격]","헤럴드경제"
